max_steps,time_frame,H,aNa,aCl,aK,cNa,cCl,cK,ATP,ADP,AMP,ADO,INO,CF
120000,0.05,7.00E-06,117.0676849,107,31.5075002,30.61781173,59.49494526,106.8012167,5.00E-02,1.00E-18,1.00E-18,1.00E-18,1.00E-18,0
120000,0.05,4.00E-06,117.0676849,100,31.5075002,30.61781173,59.49494526,106.8012167,5.00E-02,1.00E-18,1.00E-18,1.00E-18,1.00E-18,1
120000,0.05,7.00E-06,117.0676849,107,31.5075002,30.61781173,59.49494526,106.8012167,2.70E-03,1.00E-18,1.00E-18,1.00E-18,1.00E-18,0
120000,0.05,4.00E-06,117.0676849,100,31.5075002,30.61781173,59.49494526,106.8012167,2.70E-03,1.00E-18,1.00E-18,1.00E-18,1.00E-18,1
120000,0.05,7.00E-06,117.0676849,107,31.5075002,30.61781173,59.49494526,106.8012167,1.00E-18,1.00E-18,1.00E-18,1.00E-18,1.00E-18,0
120000,0.05,4.00E-06,117.0676849,100,31.5075002,30.61781173,59.49494526,106.8012167,1.00E-18,1.00E-18,1.00E-18,1.00E-18,1.00E-18,1
120000,0.05,7.00E-06,117.0676849,107,31.5075002,30.61781173,59.49494526,106.8012167,10,1.00E-18,1.00E-18,1.00E-18,1.00E-18,0
120000,0.05,4.00E-06,117.0676849,100,31.5075002,30.61781173,59.49494526,106.8012167,10,1.00E-18,1.00E-18,1.00E-18,1.00E-18,1
