max_steps,time_frame,H,aNa,aCl,aK,cNa,cCl,cK,ATP,ADP,AMP,ADO,INO,CF
120000,0.05,7.93E-06,117.0676849,107.304858,31.5075002,30.61781173,59.49494526,106.8012167,0.002722703,1.00E-18,1.00E-18,1.00E-18,1.00E-18,0
120000,0.05,7.93E-06,117.0676849,107.304858,31.5075002,30.61781173,59.49494526,106.8012167,0.002722703,1.00E-18,1.00E-18,1.00E-18,1.00E-18,1
120000,0.05,7.93E-06,117.0676849,107.304858,31.5075002,30.61781173,59.49494526,106.8012167,10,1.00E-18,1.00E-18,1.00E-18,1.00E-18,0
120000,0.05,7.93E-06,117.0676849,107.304858,31.5075002,30.61781173,59.49494526,106.8012167,10,1.00E-18,1.00E-18,1.00E-18,1.00E-18,1
120000,0.05,7.93E-06,117.0676849,107.304858,31.5075002,30.61781173,59.49494526,106.8012167,0.05,1.00E-18,1.00E-18,1.00E-18,1.00E-18,0
120000,0.05,7.93E-06,117.0676849,107.304858,31.5075002,30.61781173,59.49494526,106.8012167,0.05,1.00E-18,1.00E-18,1.00E-18,1.00E-18,1
